Workbook

Sheet Executive Dashboard
A1: MARKETING MANAGEMENT | EXECUTIVE PERFORMANCE DASHBOARD
A3: Digital Campaign ROI Optimization | Corporate operating review | Simulated/modelled portfolio data
A5: ='KPI Data'!A2&CHAR(10)&TEXT('KPI Data'!D2,"0.0%")&CHAR(10)&"Target: "&TEXT('KPI Data'!C2,"0.0%")&" | "&'KPI Data'!H2 -> Marketing ROI % 228.0% Target: 190.0% | ON TRACK | F5: ='KPI Data'!A3&CHAR(10)&TEXT('KPI Data'!D3,"0.00x")&CHAR(10)&"Target: "&TEXT('KPI Data'!C3,"0.00x")&" | "&'KPI Data'!H3 -> ROAS 3.28x Target: 3.10x | ON TRACK | K5: ='KPI Data'!A4&CHAR(10)&TEXT('KPI Data'!D4,"$0")&CHAR(10)&"Target: "&TEXT('KPI Data'!C4,"$0")&" | "&'KPI Data'!H4 -> CPQL $119 Target: $125 | ON TRACK
A11: ='KPI Data'!A5&CHAR(10)&TEXT('KPI Data'!D5,"0.0%")&CHAR(10)&"Target: "&TEXT('KPI Data'!C5,"0.0%")&" | "&'KPI Data'!H5 -> Qualified Lead Rate % 57.0% Target: 55.0% | ON TRACK | F11: ='KPI Data'!A6&CHAR(10)&TEXT('KPI Data'!D6,"0.0%")&CHAR(10)&"Target: "&TEXT('KPI Data'!C6,"0.0%")&" | "&'KPI Data'!H6 -> Lead-to-Customer % 12.6% Target: 12.0% | ON TRACK | K11: ='KPI Data'!A7&CHAR(10)&TEXT('KPI Data'!D7,"0.0%")&CHAR(10)&"Target: "&TEXT('KPI Data'!C7,"0.0%")&" | "&'KPI Data'!H7 -> Wasted Spend % 6.0% Target: 7.0% | ON TRACK
A18: EXECUTIVE READOUT | I18: LEADERSHIP PRIORITIES
A19: WHAT HAPPENED Modeled current performance is at or above the primary target set. WHY The project applies structured KPI governance, root-cause management, corrective action, and cross-functional accountability. NEXT Protect gains, investigate exceptions, validate data quality, and transition stable controls into business-as-usual governance. | I19: ='Management Actions'!A1 -> Priority | J19: ='Management Actions'!B1 -> Management Action | K19: ='Management Actions'!C1 -> Owner | L19: ='Management Actions'!D1 -> Due | M19: ='Management Actions'!E1 -> Status | N19: ='Management Actions'!F1 -> Decision / Evidence
I20: ='Management Actions'!A2 -> 1 | J20: ='Management Actions'!B2 -> Protect target performance | K20: ='Management Actions'!C2 -> Functional Lead | L20: ='Management Actions'!D2 -> Next Review | M20: ='Management Actions'!E2 -> In Progress | N20: ='Management Actions'!F2 -> Monitor KPI exceptions and root causes
I21: ='Management Actions'!A3 -> 2 | J21: ='Management Actions'!B3 -> Close remaining red/amber items | K21: ='Management Actions'!C3 -> Workstream Owner | L21: ='Management Actions'!D3 -> Next Review | M21: ='Management Actions'!E3 -> In Progress | N21: ='Management Actions'!F3 -> Document corrective actions
I22: ='Management Actions'!A4 -> 3 | J22: ='Management Actions'!B4 -> Validate data quality | K22: ='Management Actions'!C4 -> Analytics / Ops | L22: ='Management Actions'!D4 -> Monthly | M22: ='Management Actions'!E4 -> In Progress | N22: ='Management Actions'!F4 -> Reconcile source and dashboard
I23: ='Management Actions'!A5 -> 4 | J23: ='Management Actions'!B5 -> Sustain operating controls | K23: ='Management Actions'!C5 -> Operations | L23: ='Management Actions'!D5 -> 30 Days | M23: ='Management Actions'!E5 -> Planned | N23: ='Management Actions'!F5 -> Audit control adherence
I24: ='Management Actions'!A6 -> 5 | J24: ='Management Actions'!B6 -> Transition stable controls to BAU | K24: ='Management Actions'!C6 -> Leadership | L24: ='Management Actions'!D6 -> 90 Days | M24: ='Management Actions'!E6 -> Planned | N24: ='Management Actions'!F6 -> Approve governance cadence

Sheet KPI Data
A1: KPI | B1: Baseline | C1: Target | D1: Current | E1: Direction | F1: Variance | G1: Attainment | H1: Health
A2: Marketing ROI % | B2: 1.28 | C2: 1.9 | D2: 2.28 | E2: higher | F2: =IF(E2="higher",D2-C2,C2-D2) -> 0.38 | G2: =IF(E2="higher",MIN(D2/C2,1),IF(D2<=C2,1,C2/D2)) -> 1 | H2: =IF(E2="higher",IF(D2>=C2,"ON TRACK",IF(D2>=C2*0.95,"AT RISK","OFF TRACK")),IF(D2<=C2,"ON TRACK",IF(D2<=C2*1.15,"AT RISK","OFF TRACK"))) -> ON TRACK
A3: ROAS | B3: 2.28 | C3: 3.1 | D3: 3.28 | E3: higher | F3: =IF(E3="higher",D3-C3,C3-D3) -> 0.18 | G3: =IF(E3="higher",MIN(D3/C3,1),IF(D3<=C3,1,C3/D3)) -> 1 | H3: =IF(E3="higher",IF(D3>=C3,"ON TRACK",IF(D3>=C3*0.95,"AT RISK","OFF TRACK")),IF(D3<=C3,"ON TRACK",IF(D3<=C3*1.15,"AT RISK","OFF TRACK"))) -> ON TRACK
A4: CPQL | B4: 186 | C4: 125 | D4: 119 | E4: lower | F4: =IF(E4="higher",D4-C4,C4-D4) -> 6 | G4: =IF(E4="higher",MIN(D4/C4,1),IF(D4<=C4,1,C4/D4)) -> 1 | H4: =IF(E4="higher",IF(D4>=C4,"ON TRACK",IF(D4>=C4*0.95,"AT RISK","OFF TRACK")),IF(D4<=C4,"ON TRACK",IF(D4<=C4*1.15,"AT RISK","OFF TRACK"))) -> ON TRACK
A5: Qualified Lead Rate % | B5: 0.38 | C5: 0.55 | D5: 0.57 | E5: higher | F5: =IF(E5="higher",D5-C5,C5-D5) -> 0.02 | G5: =IF(E5="higher",MIN(D5/C5,1),IF(D5<=C5,1,C5/D5)) -> 1 | H5: =IF(E5="higher",IF(D5>=C5,"ON TRACK",IF(D5>=C5*0.95,"AT RISK","OFF TRACK")),IF(D5<=C5,"ON TRACK",IF(D5<=C5*1.15,"AT RISK","OFF TRACK"))) -> ON TRACK
A6: Lead-to-Customer % | B6: 0.082 | C6: 0.12 | D6: 0.126 | E6: higher | F6: =IF(E6="higher",D6-C6,C6-D6) -> 0.006 | G6: =IF(E6="higher",MIN(D6/C6,1),IF(D6<=C6,1,C6/D6)) -> 1 | H6: =IF(E6="higher",IF(D6>=C6,"ON TRACK",IF(D6>=C6*0.95,"AT RISK","OFF TRACK")),IF(D6<=C6,"ON TRACK",IF(D6<=C6*1.15,"AT RISK","OFF TRACK"))) -> ON TRACK
A7: Wasted Spend % | B7: 0.18 | C7: 0.07 | D7: 0.06 | E7: lower | F7: =IF(E7="higher",D7-C7,C7-D7) -> 0.01 | G7: =IF(E7="higher",MIN(D7/C7,1),IF(D7<=C7,1,C7/D7)) -> 1 | H7: =IF(E7="higher",IF(D7>=C7,"ON TRACK",IF(D7>=C7*0.95,"AT RISK","OFF TRACK")),IF(D7<=C7,"ON TRACK",IF(D7<=C7*1.15,"AT RISK","OFF TRACK"))) -> ON TRACK

Sheet Management Actions
A1: Priority | B1: Management Action | C1: Owner | D1: Due | E1: Status | F1: Decision / Evidence
A2: 1 | B2: Protect target performance | C2: Functional Lead | D2: Next Review | E2: In Progress | F2: Monitor KPI exceptions and root causes
A3: 2 | B3: Close remaining red/amber items | C3: Workstream Owner | D3: Next Review | E3: In Progress | F3: Document corrective actions
A4: 3 | B4: Validate data quality | C4: Analytics / Ops | D4: Monthly | E4: In Progress | F4: Reconcile source and dashboard
A5: 4 | B5: Sustain operating controls | C5: Operations | D5: 30 Days | E5: Planned | F5: Audit control adherence
A6: 5 | B6: Transition stable controls to BAU | C6: Leadership | D6: 90 Days | E6: Planned | F6: Approve governance cadence
